{"cameraMode":{"drawMode":0,"name":"Shaded","section":"Shading Mode"},"sceneLighting":false,"audioPlay":false,"sceneViewState":{"showFog":true,"showMaterialUpdate":false,"showSkybox":false,"showFlares":true,"showImageEffects":true,"showParticleSystems":true},"in2DMode":false,"pivot":{"x":-8.012106895446778,"y":-6.958436012268066,"z":-2.213494300842285},"rotation":{"x":-0.0017973275389522315,"y":-0.11762972176074982,"z":0.000212766564800404,"w":-0.993061900138855},"size":0.8660253882408142,"orthographic":false}